STAID,DRAIN_SQKM,BFI_AVE,area_bin,BFI_bin,LAT_GAGE,LNG_GAGE,STATE,HUC02,request_success,request_http_status,request_error,usgs_site_valid,has_parameter_00060,returned_observation_count,first_timestamp_utc,last_timestamp_utc,native_timestep_minutes,native_timestep_share,inferred_timestep_mode,hourly_values_count,expected_hourly_count,hourly_completeness_pct,units_original,units_output,unit_conversion_applied,completeness_class,preliminary_status,rbi,max_hourly_dqdt_m3s_per_hr,normalized_max_hourly_dqdt,q95_event_count,q99_event_count,notes,probe_stratum_x,probe_rank_in_stratum_x,probe_order,probe_stratum_y,probe_rank_in_stratum_y,probe_stratum,probe_rank_in_stratum
11465690,8.7327,29.74503,1-10 km²,20-30,38.40214,-122.73304,CA,18,True,200,,True,True,20448,2023-10-01T08:00:00+00:00,2024-05-01T07:45:00+00:00,15.0,1.0,sub-hourly,5112,8784,58.197,ft3/s,m3/s,True,INSUFFICIENT,INSUFFICIENT,,,,,,Hourly completeness below 70%; RBI metrics withheld; Native sub-hourly data required hourly resampling,1-10 km² | 20-30,1.0,1.0,1-10 km² | 20-30,1.0,,
08158045,3.8016,21.0,1-10 km²,20-30,30.300556,-97.685556,TX,12,True,200,,True,True,608,2023-10-05T10:05:00+00:00,2024-08-04T21:10:00+00:00,5.0,0.9505766062602965,sub-hourly,76,8784,0.865,ft3/s,m3/s,True,INSUFFICIENT,INSUFFICIENT,,,,,,Hourly completeness below 70%; RBI metrics withheld; Native sub-hourly data required hourly resampling,1-10 km² | 20-30,2.0,2.0,1-10 km² | 20-30,2.0,,
07010090,9.4149,23.0,1-10 km²,20-30,38.576694,-90.323528,MO,07,True,200,,True,True,103362,2023-10-01T05:00:00+00:00,2024-10-01T04:55:00+00:00,5.0,0.999100240903242,sub-hourly,8693,8784,98.964,ft3/s,m3/s,True,RBI_READY,RBI_READY,0.616346980615097,28.817110881791997,237.1771518257697,436.0,87.0,Native sub-hourly data required hourly resampling,1-10 km² | 20-30,3.0,3.0,1-10 km² | 20-30,3.0,,
03288500,6.0012,25.88227,1-10 km²,20-30,38.02091053,-84.59383055,KY,05,True,200,,True,True,0,,,,,sparse,0,8784,0.0,,m3/s,False,INSUFFICIENT,NO_DATA,,,,,,No 00060 observations returned for the probe window,1-10 km² | 20-30,4.0,4.0,1-10 km² | 20-30,4.0,,
01403535,3.708,28.88519,1-10 km²,20-30,40.64027778,-74.4475,NJ,02,True,200,,True,True,0,,,,,sparse,0,8784,0.0,,m3/s,False,INSUFFICIENT,NO_DATA,,,,,,No 00060 observations returned for the probe window,1-10 km² | 20-30,5.0,5.0,1-10 km² | 20-30,5.0,,
01021200,242.8407,58.00851,100-1000 km²,>50,44.90148889,-67.24761944,ME,01,True,200,,True,True,0,,,,,sparse,0,8784,0.0,,m3/s,False,INSUFFICIENT,NO_DATA,,,,,,No 00060 observations returned for the probe window,,,,,,100-1000 km² | >50,5.0
01021470,16.1001,54.91011,10-100 km²,>50,44.800833,-67.725,ME,01,True,200,,True,True,20390,2023-10-01T04:00:00+00:00,2024-10-01T03:45:00+00:00,15.0,0.9997057236745304,sub-hourly,5098,8784,58.037,ft3/s,m3/s,True,INSUFFICIENT,INSUFFICIENT,,,,,,Hourly completeness below 70%; RBI metrics withheld; Native sub-hourly data required hourly resampling,,,,,,10-100 km² | >50,5.0
01022330,264.8124,49.43397,100-1000 km²,40-50,44.740833,-68.013333,ME,01,True,200,,True,True,0,,,,,sparse,0,8784,0.0,,m3/s,False,INSUFFICIENT,NO_DATA,,,,,,No 00060 observations returned for the probe window,,,,,,100-1000 km² | 40-50,5.0
01037380,39.0231,50.0,10-100 km²,40-50,44.329167,-69.060833,ME,01,True,200,,True,True,23818,2023-10-01T04:15:00+00:00,2024-10-01T02:00:00+00:00,15.0,0.987781836503338,sub-hourly,6172,8784,70.264,ft3/s,m3/s,True,PARTIAL_USABLE,PARTIAL_USABLE,0.03891540935297298,9.6730347958272,6.83241929563867,309.0,62.0,Native sub-hourly data required hourly resampling,,,,,,10-100 km² | 40-50,5.0
01093800,9.3897,45.43305,1-10 km²,40-50,42.8600847,-71.8328544,NH,01,True,200,,True,True,0,,,,,sparse,0,8784,0.0,,m3/s,False,INSUFFICIENT,NO_DATA,,,,,,No 00060 observations returned for the probe window,,,,,,1-10 km² | 40-50,5.0
01104475,2.0808,57.64014,1-10 km²,>50,42.354541,-71.268112,MA,01,True,200,,True,True,40681,2023-10-01T04:00:00+00:00,2024-10-01T03:45:00+00:00,15.0,0.8133480825958702,sub-hourly,8779,8784,99.943,ft3/s,m3/s,True,RBI_READY,RBI_READY,0.03196089800206381,0.1777203365184969,4.093026139598969,439.0,88.0,Native sub-hourly data required hourly resampling,,,,,,1-10 km² | >50,5.0
01209761,3.3138,45.92558,1-10 km²,40-50,41.17454,-73.51151,CT,01,True,200,,True,True,33059,2023-10-01T06:45:00+00:00,2024-10-01T03:45:00+00:00,15.0,0.9972472623873193,sub-hourly,8329,8784,94.82,ft3/s,m3/s,True,RBI_READY,RBI_READY,0.05699304388266187,2.750273725248,30.951307369937588,417.0,84.0,Native sub-hourly data required hourly resampling,,,,,,1-10 km² | 40-50,4.0
01361500,252.7428,34.75975,100-1000 km²,30-40,42.4045257,-74.15152654,NY,02,True,200,,True,True,0,,,,,sparse,0,8784,0.0,,m3/s,False,INSUFFICIENT,NO_DATA,,,,,,No 00060 observations returned for the probe window,,,,,,100-1000 km² | 30-40,5.0
01383500,75.3111,43.41,10-100 km²,40-50,41.16027778,-74.3336111,NJ,02,True,200,,True,True,35136,2023-10-01T04:00:00+00:00,2024-10-01T03:45:00+00:00,15.0,1.0,sub-hourly,8780,8784,99.954,ft3/s,m3/s,True,RBI_READY,RBI_READY,0.01247500348924939,2.534357769984,1.0243343843728971,439.0,88.0,Native sub-hourly data required hourly resampling,,,,,,10-100 km² | 40-50,4.0
01393500,49.4001,29.32753,10-100 km²,20-30,40.6683333,-74.2194444,NJ,02,True,200,,True,True,0,,,,,sparse,0,8784,0.0,,m3/s,False,INSUFFICIENT,NO_DATA,,,,,,No 00060 observations returned for the probe window,,,,,,10-100 km² | 20-30,5.0
01394500,67.09879,30.41303,10-100 km²,30-40,40.6875,-74.3116667,NJ,02,True,200,,True,True,35102,2023-10-01T04:00:00+00:00,2024-10-01T03:45:00+00:00,15.0,0.9997435970485171,sub-hourly,8780,8784,99.954,ft3/s,m3/s,True,RBI_READY,RBI_READY,0.1124843582252564,24.923072527948797,15.473574057707197,439.0,88.0,Native sub-hourly data required hourly resampling,,,,,,10-100 km² | 30-40,5.0
01395000,107.8884,28.93074,100-1000 km²,20-30,40.61888889,-74.2833333,NJ,02,True,200,,True,True,35085,2023-10-01T04:00:00+00:00,2024-10-01T03:45:00+00:00,15.0,0.9996009577015164,sub-hourly,8779,8784,99.943,ft3/s,m3/s,True,RBI_READY,RBI_READY,0.06580236285947637,15.439760604288,5.91471205944857,440.0,89.0,Native sub-hourly data required hourly resampling,,,,,,100-1000 km² | 20-30,5.0
01403150,5.0409,30.89466,1-10 km²,30-40,40.6122222,-74.5908333,NJ,02,True,200,,True,True,104887,2023-10-01T04:00:00+00:00,2024-10-01T03:55:00+00:00,5.0,0.9993230745762065,sub-hourly,8764,8784,99.772,ft3/s,m3/s,True,RBI_READY,RBI_READY,0.3055993255387179,13.280719038508801,124.95671324592062,439.0,88.0,Native sub-hourly data required hourly resampling,,,,,,1-10 km² | 30-40,5.0
01427500,286.6103,45.82587,100-1000 km²,40-50,41.7609216,-75.04822266,NY,02,True,200,,True,True,33562,2023-10-01T05:00:00+00:00,2024-10-01T04:45:00+00:00,15.0,0.9869789338815887,sub-hourly,8697,8784,99.01,ft3/s,m3/s,True,RBI_READY,RBI_READY,0.04480274841026246,57.568149121536,9.668780179904049,435.0,87.0,Native sub-hourly data required hourly resampling,,,,,,100-1000 km² | 40-50,4.0
01589100,6.426,44.13908,1-10 km²,40-50,39.24,-76.69219444,MD,02,True,200,,True,True,105138,2023-10-01T04:00:00+00:00,2024-10-01T03:55:00+00:00,5.0,0.9998668404082293,sub-hourly,8769,8784,99.829,ft3/s,m3/s,True,RBI_READY,RBI_READY,0.3804655508439626,10.6950369840768,81.8000928139955,439.0,88.0,Native sub-hourly data required hourly resampling,,,,,,1-10 km² | 40-50,3.0
01644371,1.1826,53.0,1-10 km²,>50,39.231495,-77.255817,MD,02,True,200,,True,True,95261,2023-10-01T04:00:00+00:00,2024-10-01T03:55:00+00:00,5.0,0.996777241234516,sub-hourly,8170,8784,93.01,ft3/s,m3/s,True,RBI_READY,RBI_READY,0.12280908069725935,0.7738522226150399,43.03467432870832,409.0,83.0,Native sub-hourly data required hourly resampling,,,,,,1-10 km² | >50,4.0
01650500,54.7587,50.55009,10-100 km²,>50,39.06566667,-77.0293333,MD,02,True,200,,True,True,34895,2023-10-01T04:00:00+00:00,2024-10-01T03:45:00+00:00,15.0,0.9981372155671462,sub-hourly,8754,8784,99.658,ft3/s,m3/s,True,RBI_READY,RBI_READY,0.14071053240648548,18.54753451776,30.465070281984197,438.0,88.0,Native sub-hourly data required hourly resampling,,,,,,10-100 km² | >50,4.0
02094775,9.8253,35.15627,1-10 km²,30-40,36.031111,-79.796111,NC,03,True,200,,True,True,100896,2023-10-01T04:00:00+00:00,2024-10-01T03:55:00+00:00,5.0,0.9869864710838,sub-hourly,8652,8784,98.497,ft3/s,m3/s,True,RBI_READY,RBI_READY,0.35222978761837703,15.529430618495997,63.53538845477887,433.0,87.0,Native sub-hourly data required hourly resampling,,,,,,1-10 km² | 30-40,4.0
02244420,274.2952,46.95683,100-1000 km²,40-50,29.32195556,-81.385275,FL,03,True,200,,True,True,0,,,,,sparse,0,8784,0.0,,m3/s,False,INSUFFICIENT,NO_DATA,,,,,,No 00060 observations returned for the probe window,,,,,,100-1000 km² | 40-50,3.0
02248000,93.5172,45.57856,10-100 km²,40-50,29.05054068,-81.04672325,FL,03,True,200,,True,True,35128,2023-10-01T04:00:00+00:00,2024-10-01T03:45:00+00:00,15.0,0.9999145956102143,sub-hourly,8779,8784,99.943,ft3/s,m3/s,True,RBI_READY,RBI_READY,0.016018183117933835,4.013913004416002,4.134436386524485,439.0,88.0,Native sub-hourly data required hourly resampling,,,,,,10-100 km² | 40-50,3.0
02307668,7.7247,32.0,1-10 km²,30-40,27.979742,-82.742323,FL,03,True,200,,True,True,35131,2023-10-01T04:00:00+00:00,2024-10-01T03:45:00+00:00,15.0,0.9998576715058355,sub-hourly,8780,8784,99.954,ft3/s,m3/s,True,RBI_READY,RBI_READY,0.2472808406235261,16.168919404032,82.35535660618925,443.0,88.0,Native sub-hourly data required hourly resampling,,,,,,1-10 km² | 30-40,3.0
02331600,819.7617,66.73144,100-1000 km²,>50,34.54072222,-83.622775,GA,03,True,200,,True,True,34801,2023-10-01T04:00:00+00:00,2024-10-01T03:45:00+00:00,15.0,0.9982471264367816,sub-hourly,8738,8784,99.476,ft3/s,m3/s,True,RBI_READY,RBI_READY,0.032136942713538605,107.67480916608,5.516605029989518,437.0,88.0,Native sub-hourly data required hourly resampling,,,,,,100-1000 km² | >50,4.0
03085213,46.5246,35.51124,10-100 km²,30-40,40.432847,-80.029498,PA,05,True,200,,True,True,0,,,,,sparse,0,8784,0.0,ft3/s,m3/s,False,INSUFFICIENT,NO_DATA,,,,,,No 00060 observations returned for the probe window,,,,,,10-100 km² | 30-40,4.0
03115973,9.0279,43.36686,1-10 km²,40-50,41.10311,-81.60318,OH,05,True,200,,True,True,0,,,,,sparse,0,8784,0.0,,m3/s,False,INSUFFICIENT,NO_DATA,,,,,,No 00060 observations returned for the probe window,,,,,,1-10 km² | 40-50,2.0
03127500,949.8933,38.4876,100-1000 km²,30-40,40.3861774,-81.34705536,OH,05,True,200,,True,True,35125,2023-10-01T04:00:00+00:00,2024-10-01T03:45:00+00:00,15.0,0.9997722355084843,sub-hourly,8780,8784,99.954,ft3/s,m3/s,True,RBI_READY,RBI_READY,0.007866460212640317,4.247526988799997,0.35509623983257527,440.0,88.0,Native sub-hourly data required hourly resampling,,,,,,100-1000 km² | 30-40,4.0
03238772,7.3044,16.76097,1-10 km²,<=20,38.98667,-84.36528,KY,05,True,200,,True,True,34551,2023-10-01T04:00:00+00:00,2024-10-01T03:45:00+00:00,15.0,0.9967293777134587,sub-hourly,8693,8784,98.964,ft3/s,m3/s,True,RBI_READY,RBI_READY,0.3031197978745308,7.593233205761281,125.80489983720192,435.0,87.0,Native sub-hourly data required hourly resampling,,,,,,1-10 km² | <=20,5.0
03302050,10.6821,23.0,10-100 km²,20-30,38.047848,-85.857185,KY,05,True,200,,True,True,35128,2023-10-01T04:00:00+00:00,2024-10-01T03:45:00+00:00,15.0,0.9999430637401429,sub-hourly,8780,8784,99.954,ft3/s,m3/s,True,RBI_READY,RBI_READY,0.1474864060795215,6.95751999977088,75.79788756760726,439.0,88.0,Native sub-hourly data required hourly resampling,,,,,,10-100 km² | 20-30,4.0
03302500,330.3756,23.16117,100-1000 km²,20-30,38.27645522,-86.10969403,IN,05,True,200,,True,True,0,,,,,sparse,0,8784,0.0,,m3/s,False,INSUFFICIENT,NO_DATA,,,,,,No 00060 observations returned for the probe window,,,,,,100-1000 km² | 20-30,4.0
03350100,47.304,32.44357,10-100 km²,30-40,40.10142591,-86.0860987,IN,05,True,200,,True,True,0,,,,,sparse,0,8784,0.0,,m3/s,False,INSUFFICIENT,NO_DATA,,,,,,No 00060 observations returned for the probe window,,,,,,10-100 km² | 30-40,3.0
03586500,423.4077,35.45457,100-1000 km²,30-40,34.67009046,-87.31724293,AL,06,True,200,,True,True,35103,2023-10-01T05:00:00+00:00,2024-10-01T04:45:00+00:00,15.0,0.9992023246538658,sub-hourly,8779,8784,99.943,ft3/s,m3/s,True,RBI_READY,RBI_READY,0.029944597275852986,11.503718928000001,1.6625639724127435,439.0,88.0,Native sub-hourly data required hourly resampling,,,,,,100-1000 km² | 30-40,3.0
04188496,134.7102,19.87541,100-1000 km²,<=20,40.97922,-83.653265,OH,04,True,200,,True,True,35136,2023-10-01T04:00:00+00:00,2024-10-01T03:45:00+00:00,15.0,1.0,sub-hourly,8780,8784,99.954,ft3/s,m3/s,True,RBI_READY,RBI_READY,0.05616898483041961,5.0418145357055995,5.9163174420002065,440.0,88.0,Native sub-hourly data required hourly resampling,,,,,,100-1000 km² | <=20,5.0
04197170,95.20831,19.37028,10-100 km²,<=20,41.11366592,-83.16825212,OH,04,True,200,,True,True,30233,2023-10-01T06:15:00+00:00,2024-10-01T03:45:00+00:00,15.0,0.9870336067742789,sub-hourly,7834,8784,89.185,ft3/s,m3/s,True,PARTIAL_USABLE,PARTIAL_USABLE,0.0671623196645177,7.447330653696001,9.171873047892223,393.0,79.0,Native sub-hourly data required hourly resampling,,,,,,10-100 km² | <=20,5.0
05420680,896.9979,49.29504,100-1000 km²,40-50,42.836091,-92.2574,IA,07,True,200,,True,True,32400,2023-10-01T05:00:00+00:00,2024-10-01T04:45:00+00:00,15.0,0.9910491064539029,sub-hourly,8306,8784,94.558,ft3/s,m3/s,True,RBI_READY,RBI_READY,0.009966687746825917,6.3712904832000135,0.68871517058926,421.0,84.0,Native sub-hourly data required hourly resampling,,,,,,100-1000 km² | 40-50,2.0
05426067,92.1996,47.15034,10-100 km²,40-50,43.087786,-88.376207,WI,07,True,200,,True,True,34327,2023-10-01T05:00:00+00:00,2024-10-01T04:45:00+00:00,15.0,0.9983103187088505,sub-hourly,8619,8784,98.122,ft3/s,m3/s,True,RBI_READY,RBI_READY,0.007418024186779429,0.39855961578240007,0.4051273156268621,431.0,87.0,Native sub-hourly data required hourly resampling,,,,,,10-100 km² | 40-50,2.0
05503000,6.9147,8.191201,1-10 km²,<=20,39.7583735,-91.919057,MO,07,True,200,,True,True,0,,,,,sparse,0,8784,0.0,,m3/s,False,INSUFFICIENT,NO_DATA,,,,,,No 00060 observations returned for the probe window,,,,,,1-10 km² | <=20,3.0
05593600,48.9033,16.012,10-100 km²,<=20,39.26865987,-89.53397959,IL,07,True,200,,True,True,0,,,,,sparse,0,8784,0.0,,m3/s,False,INSUFFICIENT,NO_DATA,,,,,,No 00060 observations returned for the probe window,,,,,,10-100 km² | <=20,4.0
06889160,128.9619,15.52356,100-1000 km²,<=20,39.4631449,-95.9505944,KS,10L,True,200,,True,True,35055,2023-10-01T05:00:00+00:00,2024-10-01T04:45:00+00:00,15.0,0.9986592115022537,sub-hourly,8777,8784,99.92,ft3/s,m3/s,True,RBI_READY,RBI_READY,0.16333730622238563,46.99180691942399,75.11462085815013,439.0,88.0,Native sub-hourly data required hourly resampling,,,,,,100-1000 km² | <=20,3.0
06918493,39.7692,34.26159,10-100 km²,30-40,37.266389,-93.249472,MO,10L,True,200,,True,True,34893,2023-10-01T05:00:00+00:00,2024-10-01T04:45:00+00:00,15.0,0.9965894760976728,sub-hourly,8768,8784,99.818,ft3/s,m3/s,True,RBI_READY,RBI_READY,0.09784503320599647,36.677395548288004,62.97278602149952,439.0,88.0,Native sub-hourly data required hourly resampling,,,,,,10-100 km² | 30-40,2.0
06935997,5.5152,18.0,1-10 km²,<=20,38.848472,-90.286083,MO,10L,True,200,,True,True,103247,2023-10-01T05:00:00+00:00,2024-10-01T04:55:00+00:00,5.0,0.9980822501598124,sub-hourly,8759,8784,99.715,ft3/s,m3/s,True,RBI_READY,RBI_READY,0.2275198446857621,6.4092822523776,243.16096070376068,438.0,88.0,Native sub-hourly data required hourly resampling,,,,,,1-10 km² | <=20,4.0
07019220,11.1465,25.0,10-100 km²,20-30,38.511167,-90.444278,MO,07,True,200,,True,True,90636,2023-10-01T05:00:00+00:00,2024-10-01T04:55:00+00:00,5.0,0.8982401941854692,sub-hourly,8594,8784,97.837,ft3/s,m3/s,True,RBI_READY,RBI_READY,0.557928578677684,61.91864646157964,297.2453523180149,430.0,86.0,Native sub-hourly data required hourly resampling,,,,,,10-100 km² | 20-30,3.0
07048480,2.232,37.0,1-10 km²,30-40,36.057024,-94.175483,AR,11,True,200,,True,True,0,,,,,sparse,0,8784,0.0,,m3/s,False,INSUFFICIENT,NO_DATA,,,,,,No 00060 observations returned for the probe window,,,,,,1-10 km² | 30-40,2.0
07322500,56.5533,13.38735,10-100 km²,<=20,35.52227139,-99.5303769,OK,11,True,200,,True,True,0,,,,,sparse,0,8784,0.0,,m3/s,False,INSUFFICIENT,NO_DATA,,,,,,No 00060 observations returned for the probe window,,,,,,10-100 km² | <=20,2.0
07329500,522.531,29.8228,100-1000 km²,20-30,34.74341194,-97.4053039,OK,11,True,200,,True,True,0,,,,,sparse,0,8784,0.0,,m3/s,False,INSUFFICIENT,NO_DATA,,,,,,No 00060 observations returned for the probe window,,,,,,100-1000 km² | 20-30,2.0
07366200,437.8437,26.73485,100-1000 km²,20-30,32.92930641,-92.6329305,LA,08,True,200,,True,True,34941,2023-10-01T05:00:00+00:00,2024-10-01T04:45:00+00:00,15.0,0.9991127647395536,sub-hourly,8754,8784,99.658,ft3/s,m3/s,True,RBI_READY,RBI_READY,0.02485395119466826,28.812391407359996,4.205099743099735,438.0,88.0,Native sub-hourly data required hourly resampling,,,,,,100-1000 km² | 20-30,3.0
08023400,210.9654,13.64128,100-1000 km²,<=20,31.8751667,-93.65851499,LA,12,True,200,,True,True,34688,2023-10-01T06:00:00+00:00,2024-10-01T04:45:00+00:00,15.0,0.9979242944042437,sub-hourly,8713,8784,99.192,ft3/s,m3/s,True,RBI_READY,RBI_READY,0.04453462338554795,22.724269390079996,4.799673638948411,436.0,88.0,Native sub-hourly data required hourly resampling,,,,,,100-1000 km² | <=20,4.0
08044000,864.2479,10.69808,100-1000 km²,<=20,33.23178218,-97.6947538,TX,12,True,200,,True,True,34597,2023-10-01T05:00:00+00:00,2024-10-01T04:45:00+00:00,15.0,0.9952595675800671,sub-hourly,8725,8784,99.328,ft3/s,m3/s,True,RBI_READY,RBI_READY,0.04838748635392252,38.65249559808001,32.171228973609765,438.0,88.0,Native sub-hourly data required hourly resampling,,,,,,100-1000 km² | <=20,2.0
08074760,42.1884,17.74584,10-100 km²,<=20,29.70912,-95.583,TX,12,True,200,,True,True,35119,2023-10-01T05:00:00+00:00,2024-10-01T04:45:00+00:00,15.0,0.999857622871462,sub-hourly,8779,8784,99.943,ft3/s,m3/s,True,RBI_READY,RBI_READY,0.08571698898692823,35.665068282624006,21.288802491637156,440.0,88.0,Native sub-hourly data required hourly resampling,,,,,,10-100 km² | <=20,3.0
08133900,67.54951,25.85953,10-100 km²,20-30,31.646541,-100.690658,TX,12,True,200,,True,True,0,,,,,sparse,0,8784,0.0,,m3/s,False,INSUFFICIENT,NO_DATA,,,,,,No 00060 observations returned for the probe window,,,,,,10-100 km² | 20-30,2.0
08155240,278.8713,30.77536,100-1000 km²,30-40,30.274096,-97.84473,TX,12,True,200,,True,True,105136,2023-10-01T05:00:00+00:00,2024-10-01T04:55:00+00:00,5.0,0.9991915156703286,sub-hourly,8779,8784,99.943,ft3/s,m3/s,True,RBI_READY,RBI_READY,0.03211935900615234,4.581429804864,11.932318487909841,440.0,88.0,Native sub-hourly data required hourly resampling,,,,,,100-1000 km² | 30-40,2.0
08365600,5.9463,17.61008,1-10 km²,<=20,31.82232911,-106.46970934,TX,13,True,200,,True,True,0,,,,,sparse,0,8784,0.0,,m3/s,False,INSUFFICIENT,NO_DATA,,,,,,No 00060 observations returned for the probe window,,,,,,1-10 km² | <=20,2.0
09054000,39.4335,63.10445,10-100 km²,>50,39.79915224,-106.26836037,CO,14,True,200,,True,True,0,,,,,sparse,0,8784,0.0,,m3/s,False,INSUFFICIENT,NO_DATA,,,,,,No 00060 observations returned for the probe window,,,,,,10-100 km² | >50,3.0
09058800,9.2187,61.77983,1-10 km²,>50,39.73165269,-106.42669694,CO,14,True,200,,True,True,0,,,,,sparse,0,8784,0.0,,m3/s,False,INSUFFICIENT,NO_DATA,,,,,,No 00060 observations returned for the probe window,,,,,,1-10 km² | >50,3.0
09063000,195.3027,65.95628,100-1000 km²,>50,39.50831949,-106.36669476,CO,14,True,200,,True,True,27476,2023-10-01T06:00:00+00:00,2024-10-01T05:45:00+00:00,15.0,0.9880254777070063,sub-hourly,7095,8784,80.772,ft3/s,m3/s,True,PARTIAL_USABLE,PARTIAL_USABLE,0.013299360626955057,0.2973268892159999,0.28185351248459684,355.0,71.0,Native sub-hourly data required hourly resampling,,,,,,100-1000 km² | >50,3.0
10287900,85.8906,63.45663,10-100 km²,>50,37.9293704,-119.17042775,CA,18,True,200,,True,True,0,,,,,sparse,0,8784,0.0,,m3/s,False,INSUFFICIENT,NO_DATA,,,,,,No 00060 observations returned for the probe window,,,,,,10-100 km² | >50,2.0
11048500,104.8761,19.23913,100-1000 km²,<=20,33.68168682,-117.80949915,CA,18,True,200,,True,True,0,,,,,sparse,0,8784,0.0,,m3/s,False,INSUFFICIENT,NO_DATA,,,,,,No 00060 observations returned for the probe window,,,,,,100-1000 km² | <=20,1.0
11120510,21.6954,18.01701,10-100 km²,<=20,34.43027415,-119.8220831,CA,18,True,200,,True,True,0,,,,,sparse,0,8784,0.0,,m3/s,False,INSUFFICIENT,NO_DATA,,,,,,No 00060 observations returned for the probe window,,,,,,10-100 km² | <=20,1.0
11120520,9.0162,18.46287,1-10 km²,<=20,34.44861,-119.84028,CA,18,True,200,,True,True,34469,2023-10-01T07:00:00+00:00,2024-10-01T06:45:00+00:00,15.0,0.9958512243240106,sub-hourly,8697,8784,99.01,ft3/s,m3/s,True,RBI_READY,RBI_READY,0.20344061825555834,11.340897060096001,116.2830018864719,437.0,87.0,Native sub-hourly data required hourly resampling,,,,,,1-10 km² | <=20,1.0
11298650,5.7411,54.13435,1-10 km²,>50,38.15139,-120.44028,CA,18,True,200,,True,True,0,,,,,sparse,0,8784,0.0,,m3/s,False,INSUFFICIENT,NO_DATA,,,,,,No 00060 observations returned for the probe window,,,,,,1-10 km² | >50,2.0
11468500,273.5145,29.11764,100-1000 km²,20-30,39.42822378,-123.73779167,CA,18,True,200,,True,True,35136,2023-10-01T07:00:00+00:00,2024-10-01T06:45:00+00:00,15.0,1.0,sub-hourly,8777,8784,99.92,ft3/s,m3/s,True,RBI_READY,RBI_READY,0.018246062217891348,17.48565277055998,2.871396087111491,439.0,89.0,Native sub-hourly data required hourly resampling,,,,,,100-1000 km² | 20-30,1.0
11469000,622.863,31.88225,100-1000 km²,30-40,40.31319125,-124.28365889,CA,18,True,200,,True,True,35090,2023-10-01T07:00:00+00:00,2024-10-01T06:45:00+00:00,15.0,0.9987745447291174,sub-hourly,8777,8784,99.92,ft3/s,m3/s,True,RBI_READY,RBI_READY,0.02277154119334508,78.57924929279994,2.0676003483163368,439.0,88.0,Native sub-hourly data required hourly resampling,,,,,,100-1000 km² | 30-40,1.0
11472160,9.5778,30.89273,1-10 km²,30-40,39.449329,-123.398067,CA,18,True,200,,True,True,0,,,,,sparse,0,8784,0.0,,m3/s,False,INSUFFICIENT,NO_DATA,,,,,,No 00060 observations returned for the probe window,,,,,,1-10 km² | 30-40,1.0
11475560,16.794,28.58467,10-100 km²,20-30,39.72959972,-123.64390732,CA,18,True,200,,True,True,35134,2023-10-01T07:00:00+00:00,2024-10-01T06:45:00+00:00,15.0,0.9999430734636952,sub-hourly,8777,8784,99.92,ft3/s,m3/s,True,RBI_READY,RBI_READY,0.017291029734132976,2.739654907775999,3.5749216420770162,441.0,88.0,Native sub-hourly data required hourly resampling,,,,,,10-100 km² | 20-30,1.0
12035450,24.6969,50.16962,10-100 km²,>50,47.37425567,-123.63683649,WA,17,True,200,,True,True,0,,,,,sparse,0,8784,0.0,,m3/s,False,INSUFFICIENT,NO_DATA,,,,,,No 00060 observations returned for the probe window,,,,,,10-100 km² | >50,1.0
12043000,337.185,50.66859,100-1000 km²,>50,47.96007697,-124.39298719,WA,17,True,200,,True,True,35108,2023-10-01T07:00:00+00:00,2024-10-01T06:45:00+00:00,15.0,0.999401828695132,sub-hourly,8776,8784,99.909,ft3/s,m3/s,True,RBI_READY,RBI_READY,0.02392429739051902,70.50894801408003,2.9077228867798484,439.0,88.0,Native sub-hourly data required hourly resampling,,,,,,100-1000 km² | >50,1.0
12043300,135.1989,47.69542,100-1000 km²,40-50,48.24146416,-124.3838328,WA,17,True,200,,True,True,35050,2023-10-01T07:00:00+00:00,2024-10-01T06:45:00+00:00,15.0,0.9994293703101372,sub-hourly,8772,8784,99.863,ft3/s,m3/s,True,RBI_READY,RBI_READY,0.030061838382057105,29.581665739775996,3.2058357831229882,439.0,88.0,Native sub-hourly data required hourly resampling,,,,,,100-1000 km² | 40-50,1.0
12065500,4.0059,51.76747,1-10 km²,>50,47.55537108,-122.81098119,WA,17,True,200,,True,True,0,,,,,sparse,0,8784,0.0,,m3/s,False,INSUFFICIENT,NO_DATA,,,,,,No 00060 observations returned for the probe window,,,,,,1-10 km² | >50,1.0
13329770,705.4182,70.33241,100-1000 km²,>50,45.488203,-117.40379,OR,17,True,200,,True,True,0,,,,,sparse,0,8784,0.0,,m3/s,False,INSUFFICIENT,NO_DATA,,,,,,No 00060 observations returned for the probe window,,,,,,100-1000 km² | >50,2.0
14303200,8.0595,46.90048,1-10 km²,40-50,45.32427635,-123.54650122,OR,17,True,200,,True,True,34402,2023-10-01T07:00:00+00:00,2024-10-01T06:45:00+00:00,15.0,0.9995058283189442,sub-hourly,8607,8784,97.985,ft3/s,m3/s,True,RBI_READY,RBI_READY,0.01809430487863228,0.5238616619520002,1.0295308097259712,432.0,89.0,Native sub-hourly data required hourly resampling,,,,,,1-10 km² | 40-50,1.0
14306340,14.7276,43.42456,10-100 km²,40-50,44.24789909,-123.63649359,OR,17,True,200,,True,True,34918,2023-10-01T07:00:00+00:00,2024-10-01T06:45:00+00:00,15.0,0.9977374917661884,sub-hourly,8777,8784,99.92,ft3/s,m3/s,True,RBI_READY,RBI_READY,0.026192892126780866,1.5432681392640006,2.129016534596292,439.0,88.0,Native sub-hourly data required hourly resampling,,,,,,10-100 km² | 40-50,1.0
14324580,10.7055,34.61031,10-100 km²,30-40,43.37983408,-124.24150278,OR,17,True,200,,True,True,0,,,,,sparse,0,8784,0.0,,m3/s,False,INSUFFICIENT,NO_DATA,,,,,,No 00060 observations returned for the probe window,,,,,,10-100 km² | 30-40,1.0
